ontology,repair_id,succeeded,failed,not_reached,success_rate
ADCAD,A1,104,0,0,1.0
ADCAD,A2,104,0,0,1.0
ADCAD,A3,103,1,0,0.9903846153846154
ADCAD,B2,102,1,1,0.9902912621359223
ADCAD,B3,101,1,2,0.9901960784313726
ADCAD,B4,101,0,3,1.0
ADCAD,B5,101,0,3,1.0
ADCAD,B6,101,0,3,1.0
ADCAD,B7,100,1,3,0.9900990099009901
ADCAD,B8,100,0,4,1.0
ADCAD,B9,100,0,4,1.0
ASSAYNODE,A1,101,0,0,1.0
ASSAYNODE,A2,101,0,0,1.0
ASSAYNODE,A3,100,1,0,0.9900990099009901
ASSAYNODE,B2,100,0,1,1.0
ASSAYNODE,B3,100,0,1,1.0
ASSAYNODE,B4,100,0,1,1.0
ASSAYNODE,B5,100,0,1,1.0
ASSAYNODE,B6,100,0,1,1.0
ASSAYNODE,B7,100,0,1,1.0
ASSAYNODE,B8,100,0,1,1.0
ASSAYNODE,B9,100,0,1,1.0
BAO,A1,127,0,0,1.0
BAO,A2,127,0,0,1.0
BAO,A3,126,1,0,0.9921259842519685
BAO,B2,126,0,1,1.0
BAO,B3,126,0,1,1.0
BAO,B4,109,17,1,0.8650793650793651
BAO,B5,109,0,18,1.0
BAO,B6,109,0,18,1.0
BAO,B7,100,9,18,0.9174311926605505
BAO,B8,100,0,27,1.0
BAO,B9,100,0,27,1.0
BCLION,A1,102,0,0,1.0
BCLION,A2,102,0,0,1.0
BCLION,A3,102,0,0,1.0
BCLION,B2,102,0,0,1.0
BCLION,B3,102,0,0,1.0
BCLION,B4,101,1,0,0.9901960784313726
BCLION,B5,101,0,1,1.0
BCLION,B6,101,0,1,1.0
BCLION,B7,100,1,1,0.9900990099009901
BCLION,B8,100,0,2,1.0
BCLION,B9,100,0,2,1.0
BCON,A1,100,0,0,1.0
BCON,A2,100,0,0,1.0
BCON,A3,100,0,0,1.0
BCON,B2,100,0,0,1.0
BCON,B3,100,0,0,1.0
BCON,B4,100,0,0,1.0
BCON,B5,100,0,0,1.0
BCON,B6,100,0,0,1.0
BCON,B7,100,0,0,1.0
BCON,B8,100,0,0,1.0
BCON,B9,100,0,0,1.0
BFO,A1,100,0,0,1.0
BFO,A2,100,0,0,1.0
BFO,A3,100,0,0,1.0
BFO,B2,100,0,0,1.0
BFO,B3,100,0,0,1.0
BFO,B4,100,0,0,1.0
BFO,B5,100,0,0,1.0
BFO,B6,100,0,0,1.0
BFO,B7,100,0,0,1.0
BFO,B8,100,0,0,1.0
BFO,B9,100,0,0,1.0
CKDO,A1,100,0,0,1.0
CKDO,A2,100,0,0,1.0
CKDO,A3,100,0,0,1.0
CKDO,B2,100,0,0,1.0
CKDO,B3,100,0,0,1.0
CKDO,B4,100,0,0,1.0
CKDO,B5,100,0,0,1.0
CKDO,B6,100,0,0,1.0
CKDO,B7,100,0,0,1.0
CKDO,B8,100,0,0,1.0
CKDO,B9,100,0,0,1.0
COPDO,A1,101,0,0,1.0
COPDO,A2,101,0,0,1.0
COPDO,A3,100,1,0,0.9900990099009901
COPDO,B2,100,0,1,1.0
COPDO,B3,100,0,1,1.0
COPDO,B4,100,0,1,1.0
COPDO,B5,100,0,1,1.0
COPDO,B6,100,0,1,1.0
COPDO,B7,100,0,1,1.0
COPDO,B8,100,0,1,1.0
COPDO,B9,100,0,1,1.0
COVID19,A1,105,0,0,1.0
COVID19,A2,105,0,0,1.0
COVID19,A3,105,0,0,1.0
COVID19,B2,105,0,0,1.0
COVID19,B3,105,0,0,1.0
COVID19,B4,104,1,0,0.9904761904761905
COVID19,B5,104,0,1,1.0
COVID19,B6,104,0,1,1.0
COVID19,B7,100,4,1,0.9615384615384616
COVID19,B8,100,0,5,1.0
COVID19,B9,100,0,5,1.0
CRO,A1,101,0,0,1.0
CRO,A2,101,0,0,1.0
CRO,A3,101,0,0,1.0
CRO,B2,101,0,0,1.0
CRO,B3,101,0,0,1.0
CRO,B4,100,1,0,0.9900990099009901
CRO,B5,100,0,1,1.0
CRO,B6,100,0,1,1.0
CRO,B7,100,0,1,1.0
CRO,B8,100,0,1,1.0
CRO,B9,100,0,1,1.0
CWD,A1,106,0,0,1.0
CWD,A2,106,0,0,1.0
CWD,A3,106,0,0,1.0
CWD,B2,106,0,0,1.0
CWD,B3,104,2,0,0.9811320754716981
CWD,B4,103,1,2,0.9903846153846154
CWD,B5,102,1,3,0.9902912621359223
CWD,B6,102,0,4,1.0
CWD,B7,102,0,4,1.0
CWD,B8,100,2,4,0.9803921568627451
CWD,B9,100,0,6,1.0
CXSO,A1,114,0,0,1.0
CXSO,A2,114,0,0,1.0
CXSO,A3,114,0,0,1.0
CXSO,B2,114,0,0,1.0
CXSO,B3,114,0,0,1.0
CXSO,B4,107,7,0,0.9385964912280702
CXSO,B5,107,0,7,1.0
CXSO,B6,107,0,7,1.0
CXSO,B7,100,7,7,0.9345794392523364
CXSO,B8,100,0,14,1.0
CXSO,B9,100,0,14,1.0
DCAT,A1,266,0,0,1.0
DCAT,A2,266,0,0,1.0
DCAT,A3,265,1,0,0.9962406015037594
DCAT,B2,178,87,1,0.6716981132075471
DCAT,B3,115,63,88,0.6460674157303371
DCAT,B4,111,4,151,0.9652173913043478
DCAT,B5,111,0,155,1.0
DCAT,B6,111,0,155,1.0
DCAT,B7,100,11,155,0.9009009009009009
DCAT,B8,100,0,166,1.0
DCAT,B9,100,0,166,1.0
DCT,A1,106,0,0,1.0
DCT,A2,106,0,0,1.0
DCT,A3,103,3,0,0.9716981132075472
DCT,B2,103,0,3,1.0
DCT,B3,103,0,3,1.0
DCT,B4,102,1,3,0.9902912621359223
DCT,B5,102,0,4,1.0
DCT,B6,102,0,4,1.0
DCT,B7,100,2,4,0.9803921568627451
DCT,B8,100,0,6,1.0
DCT,B9,100,0,6,1.0
DCTERMS,A1,129,0,0,1.0
DCTERMS,A2,129,0,0,1.0
DCTERMS,A3,126,3,0,0.9767441860465116
DCTERMS,B2,116,10,3,0.9206349206349206
DCTERMS,B3,114,2,13,0.9827586206896551
DCTERMS,B4,105,9,15,0.9210526315789473
DCTERMS,B5,105,0,24,1.0
DCTERMS,B6,105,0,24,1.0
DCTERMS,B7,100,5,24,0.9523809523809523
DCTERMS,B8,100,0,29,1.0
DCTERMS,B9,100,0,29,1.0
DFO,A1,106,0,0,1.0
DFO,A2,106,0,0,1.0
DFO,A3,103,3,0,0.9716981132075472
DFO,B2,103,0,3,1.0
DFO,B3,103,0,3,1.0
DFO,B4,100,3,3,0.970873786407767
DFO,B5,100,0,6,1.0
DFO,B6,100,0,6,1.0
DFO,B7,100,0,6,1.0
DFO,B8,100,0,6,1.0
DFO,B9,100,0,6,1.0
DISDRIV,A1,137,0,0,1.0
DISDRIV,A2,137,0,0,1.0
DISDRIV,A3,137,0,0,1.0
DISDRIV,B2,127,10,0,0.927007299270073
DISDRIV,B3,121,6,10,0.952755905511811
DISDRIV,B4,121,0,16,1.0
DISDRIV,B5,114,7,16,0.9421487603305785
DISDRIV,B6,108,6,23,0.9473684210526315
DISDRIV,B7,108,0,29,1.0
DISDRIV,B8,103,5,29,0.9537037037037037
DISDRIV,B9,100,3,34,0.970873786407767
DMDSONT,A1,124,0,0,1.0
DMDSONT,A2,124,0,0,1.0
DMDSONT,A3,124,0,0,1.0
DMDSONT,B2,124,0,0,1.0
DMDSONT,B3,124,0,0,1.0
DMDSONT,B4,113,11,0,0.9112903225806451
DMDSONT,B5,113,0,11,1.0
DMDSONT,B6,113,0,11,1.0
DMDSONT,B7,100,13,11,0.8849557522123894
DMDSONT,B8,100,0,24,1.0
DMDSONT,B9,100,0,24,1.0
DSEO,A1,112,0,0,1.0
DSEO,A2,112,0,0,1.0
DSEO,A3,112,0,0,1.0
DSEO,B2,107,5,0,0.9553571428571429
DSEO,B3,102,5,5,0.9532710280373832
DSEO,B4,100,2,10,0.9803921568627451
DSEO,B5,100,0,12,1.0
DSEO,B6,100,0,12,1.0
DSEO,B7,100,0,12,1.0
DSEO,B8,100,0,12,1.0
DSEO,B9,100,0,12,1.0
FG,A1,109,0,0,1.0
FG,A2,109,0,0,1.0
FG,A3,106,3,0,0.9724770642201835
FG,B2,106,0,3,1.0
FG,B3,106,0,3,1.0
FG,B4,104,2,3,0.9811320754716981
FG,B5,104,0,5,1.0
FG,B6,104,0,5,1.0
FG,B7,100,4,5,0.9615384615384616
FG,B8,100,0,9,1.0
FG,B9,100,0,9,1.0
FL8DSIP,A1,177,0,0,1.0
FL8DSIP,A2,177,0,0,1.0
FL8DSIP,A3,172,5,0,0.9717514124293786
FL8DSIP,B2,172,0,5,1.0
FL8DSIP,B3,172,0,5,1.0
FL8DSIP,B4,134,38,5,0.7790697674418605
FL8DSIP,B5,134,0,43,1.0
FL8DSIP,B6,134,0,43,1.0
FL8DSIP,B7,100,34,43,0.746268656716418
FL8DSIP,B8,100,0,77,1.0
FL8DSIP,B9,100,0,77,1.0
GB,A1,100,0,0,1.0
GB,A2,100,0,0,1.0
GB,A3,100,0,0,1.0
GB,B2,100,0,0,1.0
GB,B3,100,0,0,1.0
GB,B4,100,0,0,1.0
GB,B5,100,0,0,1.0
GB,B6,100,0,0,1.0
GB,B7,100,0,0,1.0
GB,B8,100,0,0,1.0
GB,B9,100,0,0,1.0
GENAI,A1,107,0,0,1.0
GENAI,A2,107,0,0,1.0
GENAI,A3,106,1,0,0.9906542056074766
GENAI,B2,106,0,1,1.0
GENAI,B3,106,0,1,1.0
GENAI,B4,103,3,1,0.9716981132075472
GENAI,B5,103,0,4,1.0
GENAI,B6,103,0,4,1.0
GENAI,B7,100,3,4,0.970873786407767
GENAI,B8,100,0,7,1.0
GENAI,B9,100,0,7,1.0
HCM-D,A1,129,0,0,1.0
HCM-D,A2,129,0,0,1.0
HCM-D,A3,119,10,0,0.9224806201550387
HCM-D,B2,119,0,10,1.0
HCM-D,B3,119,0,10,1.0
HCM-D,B4,110,9,10,0.9243697478991597
HCM-D,B5,110,0,19,1.0
HCM-D,B6,110,0,19,1.0
HCM-D,B7,101,9,19,0.9181818181818182
HCM-D,B8,100,1,28,0.9900990099009901
HCM-D,B9,100,0,29,1.0
HOM,A1,100,0,0,1.0
HOM,A2,100,0,0,1.0
HOM,A3,100,0,0,1.0
HOM,B2,100,0,0,1.0
HOM,B3,100,0,0,1.0
HOM,B4,100,0,0,1.0
HOM,B5,100,0,0,1.0
HOM,B6,100,0,0,1.0
HOM,B7,100,0,0,1.0
HOM,B8,100,0,0,1.0
HOM,B9,100,0,0,1.0
INFRARISK,A1,112,0,0,1.0
INFRARISK,A2,112,0,0,1.0
INFRARISK,A3,112,0,0,1.0
INFRARISK,B2,106,6,0,0.9464285714285714
INFRARISK,B3,103,3,6,0.9716981132075472
INFRARISK,B4,101,2,9,0.9805825242718447
INFRARISK,B5,101,0,11,1.0
INFRARISK,B6,101,0,11,1.0
INFRARISK,B7,100,1,11,0.9900990099009901
INFRARISK,B8,100,0,12,1.0
INFRARISK,B9,100,0,12,1.0
ISO19115TCC,A1,106,0,0,1.0
ISO19115TCC,A2,106,0,0,1.0
ISO19115TCC,A3,105,1,0,0.9905660377358491
ISO19115TCC,B2,105,0,1,1.0
ISO19115TCC,B3,105,0,1,1.0
ISO19115TCC,B4,103,2,1,0.9809523809523809
ISO19115TCC,B5,103,0,3,1.0
ISO19115TCC,B6,103,0,3,1.0
ISO19115TCC,B7,100,3,3,0.970873786407767
ISO19115TCC,B8,100,0,6,1.0
ISO19115TCC,B9,100,0,6,1.0
ISSVA,A1,104,0,0,1.0
ISSVA,A2,104,0,0,1.0
ISSVA,A3,104,0,0,1.0
ISSVA,B2,103,1,0,0.9903846153846154
ISSVA,B3,101,2,1,0.9805825242718447
ISSVA,B4,101,0,3,1.0
ISSVA,B5,101,0,3,1.0
ISSVA,B6,101,0,3,1.0
ISSVA,B7,100,1,3,0.9900990099009901
ISSVA,B8,100,0,4,1.0
ISSVA,B9,100,0,4,1.0
IXNO,A1,121,0,0,1.0
IXNO,A2,121,0,0,1.0
IXNO,A3,120,1,0,0.9917355371900827
IXNO,B2,120,0,1,1.0
IXNO,B3,120,0,1,1.0
IXNO,B4,112,8,1,0.9333333333333333
IXNO,B5,112,0,9,1.0
IXNO,B6,112,0,9,1.0
IXNO,B7,100,12,9,0.8928571428571429
IXNO,B8,100,0,21,1.0
IXNO,B9,100,0,21,1.0
LONGCOVID,A1,103,0,0,1.0
LONGCOVID,A2,103,0,0,1.0
LONGCOVID,A3,103,0,0,1.0
LONGCOVID,B2,103,0,0,1.0
LONGCOVID,B3,103,0,0,1.0
LONGCOVID,B4,101,2,0,0.9805825242718447
LONGCOVID,B5,101,0,2,1.0
LONGCOVID,B6,101,0,2,1.0
LONGCOVID,B7,100,1,2,0.9900990099009901
LONGCOVID,B8,100,0,3,1.0
LONGCOVID,B9,100,0,3,1.0
MCRO,A1,127,0,0,1.0
MCRO,A2,127,0,0,1.0
MCRO,A3,126,1,0,0.9921259842519685
MCRO,B2,126,0,1,1.0
MCRO,B3,126,0,1,1.0
MCRO,B4,113,13,1,0.8968253968253969
MCRO,B5,113,0,14,1.0
MCRO,B6,113,0,14,1.0
MCRO,B7,100,13,14,0.8849557522123894
MCRO,B8,100,0,27,1.0
MCRO,B9,100,0,27,1.0
MEDEON,A1,194,0,0,1.0
MEDEON,A2,194,0,0,1.0
MEDEON,A3,194,0,0,1.0
MEDEON,B2,194,0,0,1.0
MEDEON,B3,194,0,0,1.0
MEDEON,B4,142,52,0,0.7319587628865979
MEDEON,B5,142,0,52,1.0
MEDEON,B6,142,0,52,1.0
MEDEON,B7,100,42,52,0.704225352112676
MEDEON,B8,100,0,94,1.0
MEDEON,B9,100,0,94,1.0
MLTX,A1,138,0,0,1.0
MLTX,A2,138,0,0,1.0
MLTX,A3,126,12,0,0.9130434782608695
MLTX,B2,126,0,12,1.0
MLTX,B3,126,0,12,1.0
MLTX,B4,114,12,12,0.9047619047619048
MLTX,B5,114,0,24,1.0
MLTX,B6,114,0,24,1.0
MLTX,B7,100,14,24,0.8771929824561403
MLTX,B8,100,0,38,1.0
MLTX,B9,100,0,38,1.0
OA,A1,108,0,0,1.0
OA,A2,108,0,0,1.0
OA,A3,107,1,0,0.9907407407407407
OA,B2,107,0,1,1.0
OA,B3,107,0,1,1.0
OA,B4,104,3,1,0.9719626168224299
OA,B5,104,0,4,1.0
OA,B6,104,0,4,1.0
OA,B7,100,4,4,0.9615384615384616
OA,B8,100,0,8,1.0
OA,B9,100,0,8,1.0
OFSMR,A1,171,0,0,1.0
OFSMR,A2,171,0,0,1.0
OFSMR,A3,169,2,0,0.9883040935672515
OFSMR,B2,139,30,2,0.8224852071005917
OFSMR,B3,135,4,32,0.9712230215827338
OFSMR,B4,132,3,36,0.9777777777777777
OFSMR,B5,118,14,39,0.8939393939393939
OFSMR,B6,114,4,53,0.9661016949152542
OFSMR,B7,114,0,57,1.0
OFSMR,B8,101,13,57,0.8859649122807017
OFSMR,B9,100,1,70,0.9900990099009901
OGR,A1,100,0,0,1.0
OGR,A2,100,0,0,1.0
OGR,A3,100,0,0,1.0
OGR,B2,100,0,0,1.0
OGR,B3,100,0,0,1.0
OGR,B4,100,0,0,1.0
OGR,B5,100,0,0,1.0
OGR,B6,100,0,0,1.0
OGR,B7,100,0,0,1.0
OGR,B8,100,0,0,1.0
OGR,B9,100,0,0,1.0
PATCT,A1,119,0,0,1.0
PATCT,A2,119,0,0,1.0
PATCT,A3,118,1,0,0.9915966386554622
PATCT,B2,113,5,1,0.9576271186440678
PATCT,B3,111,2,6,0.9823008849557522
PATCT,B4,108,3,8,0.972972972972973
PATCT,B5,108,0,11,1.0
PATCT,B6,106,2,11,0.9814814814814815
PATCT,B7,101,5,13,0.9528301886792453
PATCT,B8,101,0,18,1.0
PATCT,B9,100,1,18,0.9900990099009901
PE,A1,102,0,0,1.0
PE,A2,102,0,0,1.0
PE,A3,102,0,0,1.0
PE,B2,102,0,0,1.0
PE,B3,102,0,0,1.0
PE,B4,102,0,0,1.0
PE,B5,102,0,0,1.0
PE,B6,102,0,0,1.0
PE,B7,100,2,0,0.9803921568627451
PE,B8,100,0,2,1.0
PE,B9,100,0,2,1.0
PLIO,A1,201,0,0,1.0
PLIO,A2,201,0,0,1.0
PLIO,A3,193,8,0,0.9601990049751243
PLIO,B2,193,0,8,1.0
PLIO,B3,193,0,8,1.0
PLIO,B4,178,15,8,0.9222797927461139
PLIO,B5,155,23,23,0.8707865168539326
PLIO,B6,140,15,46,0.9032258064516129
PLIO,B7,129,11,61,0.9214285714285714
PLIO,B8,109,20,72,0.8449612403100775
PLIO,B9,100,9,92,0.9174311926605505
PREGONTO,A1,160,0,0,1.0
PREGONTO,A2,160,0,0,1.0
PREGONTO,A3,159,1,0,0.99375
PREGONTO,B2,151,8,1,0.949685534591195
PREGONTO,B3,140,11,9,0.9271523178807947
PREGONTO,B4,136,4,20,0.9714285714285714
PREGONTO,B5,122,14,24,0.8970588235294118
PREGONTO,B6,116,6,38,0.9508196721311475
PREGONTO,B7,114,2,44,0.9827586206896551
PREGONTO,B8,106,8,46,0.9298245614035088
PREGONTO,B9,100,6,54,0.9433962264150944
PTRANS,A1,122,0,0,1.0
PTRANS,A2,122,0,0,1.0
PTRANS,A3,120,2,0,0.9836065573770492
PTRANS,B2,119,1,2,0.9916666666666667
PTRANS,B3,118,1,3,0.9915966386554622
PTRANS,B4,116,2,4,0.9830508474576272
PTRANS,B5,110,6,6,0.9482758620689655
PTRANS,B6,104,6,12,0.9454545454545454
PTRANS,B7,104,0,18,1.0
PTRANS,B8,101,3,18,0.9711538461538461
PTRANS,B9,100,1,21,0.9900990099009901
REPO,A1,103,0,0,1.0
REPO,A2,103,0,0,1.0
REPO,A3,102,1,0,0.9902912621359223
REPO,B2,102,0,1,1.0
REPO,B3,102,0,1,1.0
REPO,B4,101,1,1,0.9901960784313726
REPO,B5,101,0,2,1.0
REPO,B6,101,0,2,1.0
REPO,B7,100,1,2,0.9900990099009901
REPO,B8,100,0,3,1.0
REPO,B9,100,0,3,1.0
SENSO,A1,125,0,0,1.0
SENSO,A2,125,0,0,1.0
SENSO,A3,122,3,0,0.976
SENSO,B2,122,0,3,1.0
SENSO,B3,122,0,3,1.0
SENSO,B4,111,11,3,0.9098360655737705
SENSO,B5,111,0,14,1.0
SENSO,B6,111,0,14,1.0
SENSO,B7,100,11,14,0.9009009009009009
SENSO,B8,100,0,25,1.0
SENSO,B9,100,0,25,1.0
SLEEP,A1,101,0,0,1.0
SLEEP,A2,101,0,0,1.0
SLEEP,A3,101,0,0,1.0
SLEEP,B2,101,0,0,1.0
SLEEP,B3,101,0,0,1.0
SLEEP,B4,100,1,0,0.9900990099009901
SLEEP,B5,100,0,1,1.0
SLEEP,B6,100,0,1,1.0
SLEEP,B7,100,0,1,1.0
SLEEP,B8,100,0,1,1.0
SLEEP,B9,100,0,1,1.0
TAXRANK,A1,144,0,0,1.0
TAXRANK,A2,144,0,0,1.0
TAXRANK,A3,139,5,0,0.9652777777777778
TAXRANK,B2,139,0,5,1.0
TAXRANK,B3,139,0,5,1.0
TAXRANK,B4,119,20,5,0.8561151079136691
TAXRANK,B5,119,0,25,1.0
TAXRANK,B6,119,0,25,1.0
TAXRANK,B7,100,19,25,0.8403361344537815
TAXRANK,B8,100,0,44,1.0
TAXRANK,B9,100,0,44,1.0
TESTEX,A1,115,0,0,1.0
TESTEX,A2,115,0,0,1.0
TESTEX,A3,115,0,0,1.0
TESTEX,B2,112,3,0,0.9739130434782609
TESTEX,B3,109,3,3,0.9732142857142857
TESTEX,B4,108,1,6,0.9908256880733946
TESTEX,B5,104,4,7,0.9629629629629629
TESTEX,B6,103,1,11,0.9903846153846154
TESTEX,B7,102,1,12,0.9902912621359223
TESTEX,B8,101,1,13,0.9901960784313726
TESTEX,B9,100,1,14,0.9900990099009901
VIMM,A1,101,0,0,1.0
VIMM,A2,101,0,0,1.0
VIMM,A3,100,1,0,0.9900990099009901
VIMM,B2,100,0,1,1.0
VIMM,B3,100,0,1,1.0
VIMM,B4,100,0,1,1.0
VIMM,B5,100,0,1,1.0
VIMM,B6,100,0,1,1.0
VIMM,B7,100,0,1,1.0
VIMM,B8,100,0,1,1.0
VIMM,B9,100,0,1,1.0
VRD,A1,136,0,0,1.0
VRD,A2,136,0,0,1.0
VRD,A3,134,2,0,0.9852941176470589
VRD,B2,134,0,2,1.0
VRD,B3,132,2,2,0.9850746268656716
VRD,B4,116,16,4,0.8787878787878788
VRD,B5,116,0,20,1.0
VRD,B6,116,0,20,1.0
VRD,B7,100,16,20,0.8620689655172413
VRD,B8,100,0,36,1.0
VRD,B9,100,0,36,1.0
bctt,A1,103,0,0,1.0
bctt,A2,103,0,0,1.0
bctt,A3,103,0,0,1.0
bctt,B2,102,1,0,0.9902912621359223
bctt,B3,102,0,1,1.0
bctt,B4,101,1,1,0.9901960784313726
bctt,B5,101,0,2,1.0
bctt,B6,101,0,2,1.0
bctt,B7,101,0,2,1.0
bctt,B8,100,1,2,0.9900990099009901
bctt,B9,100,0,3,1.0
overall,A1,5979,0,0,1.0
overall,A2,5979,0,0,1.0
overall,A3,5904,75,0,0.9874560963371801
overall,B2,5736,168,75,0.9715447154471545
overall,B3,5629,107,243,0.9813458856345886
overall,B4,5347,282,350,0.9499022917036773
overall,B5,5278,69,632,0.9870955676080045
overall,B6,5238,40,701,0.9924213717317165
overall,B7,4976,262,741,0.9499809087437954
overall,B8,4922,54,1003,0.9891479099678456
overall,B9,4900,22,1057,0.995530272247054
